-- --------------------------------------------------------

--
-- Dumping data for table `user`
--

INSERT INTO `user` (`ID`, `Role`, `EMail`, `Password`, `FirstName`, `LastName`, `JoinDate`) VALUES
(1, 1, 'ADMINISTRATOR@ADMINISTRATOR.COM', 'UV4GggN8vE57s8lrikzBinhmWKbNDyp1yPHyoBI0CGM=', 'Administrator', 'Administrator', '2020-12-08'),
(2, 1, 'ADMIN@ADMIN.COM', '3aV9PKjJ0sjjvt8QL09idxyw99rNjE5FZ/zybDtBjTs=', 'Admin', 'Irwin', '2020-12-08'),
(3, 3, 'STUDENT@STUDENT.COM', 'jrkW+DcP2bS/wfSyBiijymJ/8ZkUv+KExSPz7QAOx0Y=', 'Student', 'Hanna', '2020-12-08'),
(4, 2, 'INSTRUCTOR@INSTRUCTOR.COM', '30EuPkQh6w8hzLaTmLPXXANeZLmnR5zEN62JGjZ3NQA=', 'Instructor', 'Instructor', '2020-12-08'),
(5, 2, 'TEACHER@TEACHER.COM', 'e2oeRUxnrco1iCql+Q1P9jziGgw6swX8AyC9Vs7c42A=', 'Teacher', 'Kolb', '2020-12-08'),
(6, 2, 'ULTRICES.A@VELIT.ORG', 'Nh3ZhWmX4N+jdu1mA8EEvlFWH9NxDAijQv3x7YNOtYI=', 'Igor', 'Patton', '2020-12-08'),
(7, 2, 'ELEMENTUM.AT@EROSTURPIS.ORG', 'SaX01ytBEfuFsg/HjXX60y4OkBMm8X70/fuIrkYR2X4=', 'Fallon', 'Vinson', '2020-12-08'),
(8, 2, 'NEC.IMPERDIET@SENECTUSET.CA', 'kQ19n0rVPA+rFcF9yv8e0yJepj9yiKc0xz5/ywGKcqM=', 'Schroeder', 'Damian', '2020-12-08'),
(9, 2, 'NONUMMY@ANTENUNC.NET', 'vkHJ0d43PENJYvCJNw7ZaMhAkvlTkm6YvT7k5zyyelc=', 'Holmes', 'Paula', '2020-12-08'),
(10, 2, 'AT@SEMELIT.CO.UK', 'K0LudodZMD8mnQguVuIiIWUfZGGN5b3bKjnrihXhzq0=', 'Cote', 'Risa', '2020-12-08'),
(11, 2, 'ENIM.MI.TEMPOR@AMETANTE.CA', 'ekqzLztjI9z1e75bWzWcPldhjmGaf4wd9i7krB5Gwx8=', 'Mendoza', 'Penelope', '2020-12-08'),
(12, 2, 'VIVAMUS.NON.LOREM@LIGULAAENEAN.COM', '42nJMukjFJ5ewiZ7dg5liMmnSGqnG1MRtrlBXH4mvpI=', 'Mcknight', 'Xenos', '2020-12-08'),
(13, 2, 'ULLAMCORPER.VIVERRA.MAECENAS@UTPHARETRA.ORG', 'eNDauyDo7kWJxn2owPzFF0UEJrYTYAyRdpKcVrjlxFM=', 'Kennedy', 'Chandler', '2020-12-08'),
(14, 2, 'PELLENTESQUE.HABITANT.MORBI@INMOLESTIE.NET', 'nbEqxBv5fU9z6OnAAPqCxoZiWmExSaUsR2tVv6b8TVo=', 'Whitaker', 'Gabriel', '2020-12-08'),
(15, 2, 'PHASELLUS.FERMENTUM@MONTES.ORG', '97+2kBm0RRukBcLDYvmNyFxkQeC5WukYZKzbXe5PkTk=', 'Tyson', 'Quynn', '2020-12-08'),
(16, 2, 'ARCU.VESTIBULUM@EUENIM.EDU', 'G5oPSOFlHVQ3jnLEEusWx40YBB3GqwaptyetbCoOxsQ=', 'Sears', 'Dolan', '2020-12-08'),
(17, 2, 'DICTUM.SAPIEN@EGESTAS.CA', 'kp6cYsy0MqHpV/Au8zGzwufwY64ScirGN31VmEViFuQ=', 'Cummings', 'Moana', '2020-12-08'),
(18, 2, 'AC.URNA@IACULISQUIS.NET', 'MXe85/MRS91DUw7vFvucsCmqgF6th2OIA4zj9KKs4FM=', 'Blanchard', 'August', '2020-12-08'),
(19, 2, 'UT@METUSSITAMET.NET', 'jaRYs51hopACOXtdlkGgk50EDWZ2DxGKa+eP5cHnAIs=', 'Hickman', 'Amela', '2020-12-08'),
(20, 2, 'NUNC.ULLAMCORPER.EU@LIGULA.EDU', 'gvJAUCWDGMmZC7kFkXQsPKjp3x4Le83FlpplwtD8CbM=', 'Chavez', 'Veda', '2020-12-08'),
(21, 2, 'DICTUM@AENEAN.ORG', 'NBaMM1aYD31ZyyoL2C04bvUAPNeprcFeZqqb+dIE3mk=', 'Gould', 'Kelsey', '2020-12-08'),
(22, 2, 'VITAE.VELIT@INTEMPUS.COM', '6k6cmycUXaC8YzqWfz/KJjFUS2xIQiEPOH+JQ0oBr3I=', 'Stanton', 'Isabelle', '2020-12-08'),
(23, 2, 'IN@SODALESPURUSIN.CO.UK', 'CtO7yGRaWD+fIk7DY4CrUGMZa33MMrf2yDksuFUhdl4=', 'Mclean', 'Dylan', '2020-12-08'),
(24, 2, 'RUTRUM@DUISDIGNISSIM.NET', '6nfINn7dSnzHTx9EM14dhClXBFx+fnb+XrjNQNCpodM=', 'Hughes', 'Tobias', '2020-12-08'),
(25, 3, 'TEMPOR.BIBENDUM.DONEC@TEMPUS.NET', 'lTWDVtR6RohDxhuu0oyBqf0fqGKE4YNC/DuK9B42Q/Q=', 'Dickerson', 'Grady', '2020-12-08'),
(26, 3, 'RIDICULUS.MUS@NECMETUS.EDU', '3FBj645P//FXRaapXzr4evB3rOchDbfhZzlmEb0veII=', 'Hooper', 'Owen', '2020-12-08'),
(27, 3, 'CURSUS@NISL.CO.UK', '3ATWBZ2WrTw8o5OC80dku2P6LQFELW3Cvv7Q7mY6HjQ=', 'Hammond', 'Mollie', '2020-12-08'),
(28, 3, 'PEDE.SAGITTIS.AUGUE@UTPHARETRA.EDU', '8aGnGl0ZDWUqpuk5fwfQYW9Ue4MEu6XmfudpxqlZQMo=', 'David', 'Tarik', '2020-12-08'),
(29, 3, 'DIAM.PROIN@INTEGERVITAE.NET', 'NNZ8dCqTg96mMmdIQFp+LPtiZx4vrDmhIoZmQIcCrcY=', 'Lindsey', 'Maryam', '2020-12-08'),
(30, 3, 'VEL.FAUCIBUS@VITAE.COM', 'xU2FM03eerumEyLaCyoMTNccCEhVXXithsMOBYHdr9w=', 'Blanchard', 'Lane', '2020-12-08'),
(31, 3, 'SENECTUS.ET.NETUS@EGESTASBLANDITNAM.NET', 'NhKT1s8CKbkoIfK59u9sABbaWRbGnrvbu8KL1EwNH/Y=', 'Bolton', 'Sydney', '2020-12-08'),
(32, 3, 'VENENATIS.VEL.FAUCIBUS@DONECTEMPOR.COM', '0IkNvyWHKWUUT3cgd4yiLXGMaD4bIvnMTFGzGBJiCoQ=', 'Huffman', 'Wayne', '2020-12-08'),
(33, 3, 'EU.ELIT.NULLA@NEQUEET.CA', 'mEhwCFlh/eXOlu5fIVEl09yuLCrHwEherwT6oo3uRsI=', 'Snyder', 'Lareina', '2020-12-08'),
(34, 3, 'EU@NONENIM.EDU', 'N3yMEgts+YDIT05T69zXqO89B97W3Z1zTiO91n3NDzE=', 'Johnston', 'Lev', '2020-12-08'),
(35, 3, 'MAGNA.ET.IPSUM@PELLENTESQUEHABITANTMORBI.CA', 'EH0ObzRrb652i+hqolQKut82LprMFdBMbEsxJ8C1iVo=', 'Lucas', 'Castor', '2020-12-08'),
(36, 3, 'ET.MALESUADA.FAMES@SITAMET.ORG', 'amEZZJQkH0xUZb83CK4jRfDpZ4reZsMY8F/AMFOQORM=', 'Merrill', 'Tyler', '2020-12-08'),
(37, 3, 'URNA.SUSCIPIT.NONUMMY@DICTUM.NET', 'ykmUNobMCbt4O2OzfCvAHjaS3Gmk35mMJQ5GkqW4pJk=', 'Castro', 'Tyler', '2020-12-08'),
(38, 3, 'EROS.NEC@DISPARTURIENTMONTES.EDU', 'R4ZfboXAtahDFjJ1gpY0Bk8s4/T6mAjXmF6U1tlg1v0=', 'Mccarthy', 'TaShya', '2020-12-08'),
(39, 3, 'IN@ALIQUAMORNARE.EDU', 'tH4VK9OWI0P1doOWx3pgO/mY55TmKQH7zj/IzVFCqlY=', 'Greene', 'Libby', '2020-12-08'),
(40, 3, 'EU@AENEANEUISMOD.ORG', 'b1F61YiaSl8UQc8bQevl1uv+gQtb41ApO5V/DR+I8zQ=', 'Barr', 'Brady', '2020-12-08'),
(41, 3, 'ANTE@EROS.NET', 'JpkSDoN19qVA9xJo+MI5FVnkwwv2IiRTD310R2TKREY=', 'Meyer', 'Richard', '2020-12-08'),
(42, 3, 'IPSUM.SODALES@ODIOSEMPERCURSUS.ORG', 'wvn1kQaWaW6VcUoyk3DR7ItdcYu4XGtCL53ycx3qHmU=', 'Raymond', 'Shay', '2020-12-08'),
(43, 3, 'ID@CRASPELLENTESQUESED.CA', 'VT3fSdYkdmhsGL4I9mNuU2fomgWLyekASXFqx2qv6Xs=', 'Hutchinson', 'Grant', '2020-12-08'),
(44, 3, 'ALI@ALI.COM', 'ILrh3/Gsfw7y3e+MtVJfNejwv3bZtWTmFou2Qy/MJyE=', 'ali', 'ali', '2020-12-08'),
(45, 3, 'SARA@SARA.COM', 'gbusY/kmIS+qdmgW5yoXUZQatUg1HDwgOeHjQ71WVvc=', 'sara', 'sara', '2020-12-08'),
(46, 3, 'LACUS.QUISQUE@PRETIUMNEQUEMORBI.CA', 'JpxWKUPp4yJXNhPtGXPOts48cyTFp/yu7HQ7Jfo0x94=', 'Garrett', 'Erica', '2020-12-08'),
(47, 3, 'DONEC.NIBH@QUISQUEAC.ORG', 'beKgs9UeGzJb2WD38QoA+y7gIRZ5XGtNn4ixm6twVK0=', 'Ellis', 'Wang', '2020-12-08'),
(48, 3, 'ORCI.LACUS.VESTIBULUM@LOREM.CO.UK', 'WxbZOaOz/SI2Im9N06Ep98UWIfgFiA6PZD0NeeNvEpU=', 'Simpson', 'Yeo', '2020-12-08'),
(49, 3, 'HARRY@POTTER.COM', 'pFhgghME+4mqFAr2VMU6D1cir2A6yy3iJhi84SGBnPI=', 'harry', 'potter', '2020-12-08'),
(50, 3, 'RON@WEASLY.COM', 'zcN1VA8qfYT3+owJjJ5BceVWaVMOVn5tNJmMdgP8uuk=', 'ron', 'weasly', '2020-12-08'),
(51, 2, 'SNAPE@PROFESSOR.COM', 'GhxYcH6ij5mcyei+NVtTDNBVK1UKgEVt6mJGqK+WuC0=', 'snape', 'professor', '2020-12-08'),
(52, 2, 'DANISH@DANISH.COM', '2cG7iTb/r9uRaZs9GaIinW558JfSRhZJ69SFln7idXY=', 'danish', 'danish', '2020-12-08'),
(53, 3, 'DANISH@HABIB.COM', 'rhgtdCxkYgiD+OUzbem0XmUYHKzvsk61LA4xZJLcFcE=', 'danish', 'habib', '2020-12-08'),
(54, 3, 'CHALISCHORE@GMAIL.COM', 'CMmBz5oni2SaruUnr+RnbsAufU8jY/Xm72ANHbATcTM=', 'ali', 'baba', '2020-12-08'),
(55, 1, 'TECHC@UALBERTA.CA', 'sOfg5QQPkTKu18AqL2JgANhM7DAFcBi3k/fC5SYzD5s=', 'Tech', 'Careers', '2020-12-08'),
(56, 3, 'IRWINSINGH@UALBERTA.CA', 'Qn903Q0TDM3NsLjAZYo6KDPGAfU3FtLIKntzE2l2G8g=', 'Irwin', 'Singh', '2020-12-08'),
(57, 2, 'DANISH@RIZ.COM', 'LX6g5Sl5hO7zNBdbW/6E5JX73mmrQzFArGuksfxioaQ=', 'danish', 'Riz', '2020-12-08');

-- --------------------------------------------------------


-- --------------------------------------------------------
--
-- Dumping data for table `course`
--

INSERT INTO `course` (`ID`, `UserID`, `CourseName`, `Subject`, `StartDate`, `EndDate`, `CourseDescription`, `GradeLevel`, `CurrentCapacity`, `MaxCapacity`) VALUES
(1, 5, 'Grammar', 'English', '2020-11-18', '2021-02-06', 'We will teach the basic concepts of English grammar', 'Grade 4', 2, 20),
(2, 52, 'Geometry', 'Math', NULL, NULL, 'Teaching basic concepts of geometry to students', 'Grade 6', 0, 20),
(3, 5, 'Biology', 'Science', '2020-12-31', '2021-01-22', 'Teaching Intermediate concepts of biology', 'Grade 7', 0, 15),
(4, 4, 'Chemistry', 'Science', '2020-09-01', '2020-11-15', 'Advanced concepts of Chemistry', 'Grade 12', 0, 10),
(5, 5, 'Physics', 'Science', '2020-12-18', '2020-11-27', 'Teaching Basic concepts of physics', 'Grade 2', 0, 25),
(6, 4, 'Literature', 'English', '2020-11-12', NULL, 'Teaching English literature to grade 11 ', 'Grade 11', 0, 10),
(7, 4, 'Algebra', 'Math', NULL, NULL, 'Basic concepts of algebra', 'Grade 5', 0, 15),
(8, 51, 'History', 'Social Studies', '2020-12-09', NULL, 'Some basic knowledge of our history to kindergarden students', 'Kindergarten', 0, 20),
(9, 51, 'Geography', 'Social Studies', '2021-01-01', '2021-03-31', 'Course about earth and its interesting features ', 'Grade 9', 0, 15),
(10, 51, 'Calculus', 'Math', '2021-01-04', NULL, 'Going by advanced concepts of differentiation and integration ', 'Grade 12', 0, 15),
(11, 57, 'Chemistry 101', 'Science', NULL, NULL, 'Teaching basic concepts of Chemistry', 'Grade 5', 0, 12),
(12, 57, 'Plant Biology', 'Science', '2020-12-09', '2021-02-26', 'Study concepts related to plants', 'Grade 7', 1, 20),
(13, 57, 'Introduction to Science', 'Science', '2020-12-09', '2020-12-31', 'Basic concept of science', 'Grade 1', 0, 12);

-- --------------------------------------------------------

--
-- Dumping data for table `student`
--

INSERT INTO `student` (`ID`, `UserID`, `CourseID`) VALUES
(1, 3, 1),
(2, 54, 1),
(3, 53, 12);

-- --------------------------------------------------------
--
-- Dumping data for table `assignment`
--

INSERT INTO `assignment` (`ID`, `CourseID`, `Question`, `DueDate`, `TotalScore`) VALUES
(1, 1, 'Define Noun', '2020-12-25', 20),
(2, 1, 'Define Verb', '2020-12-09', 45),
(3, 1, 'Define Adjective', '2021-05-14', 50),
(4, 1, 'Define Proper noun', '2021-01-28', 15),
(5, 1, 'Give 3 examples of noun', '2021-01-01', 9),
(6, 12, 'Define osmosis', '2020-12-25', 56),
(7, 12, 'Describe root structure', '2021-01-14', 15),
(8, 12, 'How leaves make chlorophyll', '2021-02-25', 20),
(9, 1, 'Give 3 examples of verb', '2020-12-17', 15);


-- --------------------------------------------------------
--
-- Dumping data for table `submitted`
--

INSERT INTO `submitted` (`ID`, `AssignmentID`, `StudentID`, `DateSubmitted`, `Answer`, `ScoreObtained`, `Remarks`) VALUES
(1, 1, 2, '2020-12-08', 'name of a person is a noun', 20, 'Good work'),
(2, 2, 1, '2020-12-08', 'Verbs are words that show an action (sing), occurrence (develop), or state of being (exist). Almost every sentence requires a verb.', 45, 'Good work!'),
(3, 1, 1, '2020-12-08', 'a word (other than a pronoun) used to identify any of a class of people, places, or things ( common noun ), or to name a particular one of these ( proper noun ).', 15, 'Nice!'),
(4, 6, 3, '2020-12-08', 'Osmosis is the spontaneous net movement of solvent molecules through a selectively permeable membrane into a region of higher solute concentration, in the direction that tends to equalize the solute concentrations on the two sides.', NULL, NULL),
(5, 7, 3, '2020-12-08', 'In general, the root comprises all parts of the plat that lie beneath the soil, even though most of the tissues of the plant, including the vascular tissues, are continuous throughout the root and shoot (stem, leaves, flowers, etc.). ... In a fibrous root system, composed of many small roots, no single root dominates.', NULL, NULL),
(6, 5, 1, '2020-12-08', 'cat, sock, ship', 9, 'Great');



